{
  "model": "meta-llama/Llama-3.2-3B",
  "num_layers": 28,
  "num_semantic_layers": 4,
  "num_heads_per_layer": 24,
  "total_heads": 96,
  "num_calibration_samples": 50,
  "num_correct_responses": 50,
  "num_incorrect_responses": 50,
  "temperature": 5.0,
  "calibration_date": "2026-01-02T04:18:36.493406",
  "mean_correct": 19.954423904418945,
  "mean_incorrect": 19.94476890563965,
  "scores_min": -0.177398681640625,
  "scores_max": 0.18847084045410156,
  "scores_mean": 0.009653270244598389,
  "weights_min": 3.647060657385737e-05,
  "weights_max": 0.9999427795410156,
  "weights_mean": 0.5416622161865234,
  "head_weights": [
    0.9991254210472107,
    0.9991254210472107,
    0.9991254210472107,
    0.045747026801109314,
    0.045747026801109314,
    0.045747026801109314,
    0.9842174053192139,
    0.9842174053192139,
    0.9842174053192139,
    0.6399824023246765,
    0.6399824023246765,
    0.6399824023246765,
    0.9999427795410156,
    0.9999427795410156,
    0.9999427795410156,
    0.14718523621559143,
    0.14718523621559143,
    0.14718523621559143,
    0.6204620003700256,
    0.6204620003700256,
    0.6204620003700256,
    0.944832444190979,
    0.944832444190979,
    0.944832444190979,
    0.9676063656806946,
    0.9676063656806946,
    0.9676063656806946,
    0.9321664571762085,
    0.9321664571762085,
    0.9321664571762085,
    0.999471127986908,
    0.999471127986908,
    0.999471127986908,
    0.9339175224304199,
    0.9339175224304199,
    0.9339175224304199,
    0.4485999345779419,
    0.4485999345779419,
    0.4485999345779419,
    6.881902663735673e-05,
    6.881902663735673e-05,
    6.881902663735673e-05,
    0.003408867632970214,
    0.003408867632970214,
    0.003408867632970214,
    0.9937440752983093,
    0.9937440752983093,
    0.9937440752983093,
    0.9746304154396057,
    0.9746304154396057,
    0.9746304154396057,
    0.9634126424789429,
    0.9634126424789429,
    0.9634126424789429,
    0.8659141063690186,
    0.8659141063690186,
    0.8659141063690186,
    0.023839112371206284,
    0.023839112371206284,
    0.023839112371206284,
    0.40589267015457153,
    0.40589267015457153,
    0.40589267015457153,
    0.015509427525103092,
    0.015509427525103092,
    0.015509427525103092,
    0.9981651902198792,
    0.9981651902198792,
    0.9981651902198792,
    0.0005336417234502733,
    0.0005336417234502733,
    0.0005336417234502733,
    0.8006486892700195,
    0.8006486892700195,
    0.8006486892700195,
    0.6415894031524658,
    0.6415894031524658,
    0.6415894031524658,
    0.00014092272613197565,
    0.00014092272613197565,
    0.00014092272613197565,
    0.01455323863774538,
    0.01455323863774538,
    0.01455323863774538,
    0.08315807580947876,
    0.08315807580947876,
    0.08315807580947876,
    3.647060657385737e-05,
    3.647060657385737e-05,
    3.647060657385737e-05,
    0.8422179818153381,
    0.8422179818153381,
    0.8422179818153381,
    0.042470913380384445,
    0.042470913380384445,
    0.042470913380384445
  ]
}